,title,type,abstract,document_number,html_url,pdf_url,public_inspection_pdf_url,publication_date,agencies,excerpts,date_last_queried
0,Expanding Access to In Vitro Fertilization,Presidential Document,,2025-03064,https://www.federalregister.gov/documents/2025/02/24/2025-03064/expanding-access-to-in-vitro-fertilization,https://www.govinfo.gov/content/pkg/FR-2025-02-24/pdf/2025-03064.pdf,,2025-02-24,"[{'raw_name': 'EXECUTIVE OFFICE OF THE PRESIDENT', 'name': 'Executive Office of the President', 'id': 538, 'url': 'https://www.federalregister.gov/agencies/executive-office-of-the-president', 'json_url': 'https://www.federalregister.gov/api/v1/agencies/538', 'parent_id': None, 'slug': 'executive-office-of-the-president'}]",,2025-02-23
1,Ensuring Accountability for All Agencies,Presidential Document,,2025-03063,https://www.federalregister.gov/documents/2025/02/24/2025-03063/ensuring-accountability-for-all-agencies,https://www.govinfo.gov/content/pkg/FR-2025-02-24/pdf/2025-03063.pdf,,2025-02-24,"[{'raw_name': 'EXECUTIVE OFFICE OF THE PRESIDENT', 'name': 'Executive Office of the President', 'id': 538, 'url': 'https://www.federalregister.gov/agencies/executive-office-of-the-president', 'json_url': 'https://www.federalregister.gov/api/v1/agencies/538', 'parent_id': None, 'slug': 'executive-office-of-the-president'}]",,2025-02-23
2,Keeping Education Accessible and Ending COVID-19 Vaccine Mandates in Schools,Presidential Document,,2025-02931,https://www.federalregister.gov/documents/2025/02/20/2025-02931/keeping-education-accessible-and-ending-covid-19-vaccine-mandates-in-schools,https://www.govinfo.gov/content/pkg/FR-2025-02-20/pdf/2025-02931.pdf,https://public-inspection.federalregister.gov/2025-02931.pdf?1739972714,2025-02-20,"[{'raw_name': 'EXECUTIVE OFFICE OF THE PRESIDENT', 'name': 'Executive Office of the President', 'id': 538, 'url': 'https://www.federalregister.gov/agencies/executive-office-of-the-president', 'json_url': 'https://www.federalregister.gov/api/v1/agencies/538', 'parent_id': None, 'slug': 'executive-office-of-the-president'}]",,2025-02-23
3,Establishing the National Energy Dominance Council,Presidential Document,,2025-02928,https://www.federalregister.gov/documents/2025/02/20/2025-02928/establishing-the-national-energy-dominance-council,https://www.govinfo.gov/content/pkg/FR-2025-02-20/pdf/2025-02928.pdf,https://public-inspection.federalregister.gov/2025-02928.pdf?1739972714,2025-02-20,"[{'raw_name': 'EXECUTIVE OFFICE OF THE PRESIDENT', 'name': 'Executive Office of the President', 'id': 538, 'url': 'https://www.federalregister.gov/agencies/executive-office-of-the-president', 'json_url': 'https://www.federalregister.gov/api/v1/agencies/538', 'parent_id': None, 'slug': 'executive-office-of-the-president'}]",,2025-02-23
4,Establishing the President's Make America Healthy Again Commission,Presidential Document,,2025-02871,https://www.federalregister.gov/documents/2025/02/19/2025-02871/establishing-the-presidents-make-america-healthy-again-commission,https://www.govinfo.gov/content/pkg/FR-2025-02-19/pdf/2025-02871.pdf,https://public-inspection.federalregister.gov/2025-02871.pdf?1739886313,2025-02-19,"[{'raw_name': 'EXECUTIVE OFFICE OF THE PRESIDENT', 'name': 'Executive Office of the President', 'id': 538, 'url': 'https://www.federalregister.gov/agencies/executive-office-of-the-president', 'json_url': 'https://www.federalregister.gov/api/v1/agencies/538', 'parent_id': None, 'slug': 'executive-office-of-the-president'}]",,2025-02-23
5,One Voice for America's Foreign Relations,Presidential Document,,2025-02841,https://www.federalregister.gov/documents/2025/02/18/2025-02841/one-voice-for-americas-foreign-relations,https://www.govinfo.gov/content/pkg/FR-2025-02-18/pdf/2025-02841.pdf,https://public-inspection.federalregister.gov/2025-02841.pdf?1739549706,2025-02-18,"[{'raw_name': 'EXECUTIVE OFFICE OF THE PRESIDENT', 'name': 'Executive Office of the President', 'id': 538, 'url': 'https://www.federalregister.gov/agencies/executive-office-of-the-president', 'json_url': 'https://www.federalregister.gov/api/v1/agencies/538', 'parent_id': None, 'slug': 'executive-office-of-the-president'}]",,2025-02-23
6,"Implementing the President's ""Department of Government Efficiency"" Workforce Optimization Initiative",Presidential Document,,2025-02762,https://www.federalregister.gov/documents/2025/02/14/2025-02762/implementing-the-presidents-department-of-government-efficiency-workforce-optimization-initiative,https://www.govinfo.gov/content/pkg/FR-2025-02-14/pdf/2025-02762.pdf,https://public-inspection.federalregister.gov/2025-02762.pdf?1739463307,2025-02-14,"[{'raw_name': 'EXECUTIVE OFFICE OF THE PRESIDENT', 'name': 'Executive Office of the President', 'id': 538, 'url': 'https://www.federalregister.gov/agencies/executive-office-of-the-president', 'json_url': 'https://www.federalregister.gov/api/v1/agencies/538', 'parent_id': None, 'slug': 'executive-office-of-the-president'}]",,2025-02-23
7,Pausing Foreign Corrupt Practices Act Enforcement To Further American Economic and National Security,Presidential Document,,2025-02736,https://www.federalregister.gov/documents/2025/02/14/2025-02736/pausing-foreign-corrupt-practices-act-enforcement-to-further-american-economic-and-national-security,https://www.govinfo.gov/content/pkg/FR-2025-02-14/pdf/2025-02736.pdf,https://public-inspection.federalregister.gov/2025-02736.pdf?1739454314,2025-02-14,"[{'raw_name': 'EXECUTIVE OFFICE OF THE PRESIDENT', 'name': 'Executive Office of the President', 'id': 538, 'url': 'https://www.federalregister.gov/agencies/executive-office-of-the-president', 'json_url': 'https://www.federalregister.gov/api/v1/agencies/538', 'parent_id': None, 'slug': 'executive-office-of-the-president'}]",,2025-02-23
8,Ending Procurement and Forced Use of Paper Straws,Presidential Document,,2025-02735,https://www.federalregister.gov/documents/2025/02/14/2025-02735/ending-procurement-and-forced-use-of-paper-straws,https://www.govinfo.gov/content/pkg/FR-2025-02-14/pdf/2025-02735.pdf,https://public-inspection.federalregister.gov/2025-02735.pdf?1739454314,2025-02-14,"[{'raw_name': 'EXECUTIVE OFFICE OF THE PRESIDENT', 'name': 'Executive Office of the President', 'id': 538, 'url': 'https://www.federalregister.gov/agencies/executive-office-of-the-president', 'json_url': 'https://www.federalregister.gov/api/v1/agencies/538', 'parent_id': None, 'slug': 'executive-office-of-the-president'}]",,2025-02-23
9,Eliminating the Federal Executive Institute,Presidential Document,,2025-02734,https://www.federalregister.gov/documents/2025/02/14/2025-02734/eliminating-the-federal-executive-institute,https://www.govinfo.gov/content/pkg/FR-2025-02-14/pdf/2025-02734.pdf,https://public-inspection.federalregister.gov/2025-02734.pdf?1739454314,2025-02-14,"[{'raw_name': 'EXECUTIVE OFFICE OF THE PRESIDENT', 'name': 'Executive Office of the President', 'id': 538, 'url': 'https://www.federalregister.gov/agencies/executive-office-of-the-president', 'json_url': 'https://www.federalregister.gov/api/v1/agencies/538', 'parent_id': None, 'slug': 'executive-office-of-the-president'}]",,2025-02-23
10,Protecting Second Amendment Rights,Presidential Document,,2025-02636,https://www.federalregister.gov/documents/2025/02/12/2025-02636/protecting-second-amendment-rights,https://www.govinfo.gov/content/pkg/FR-2025-02-12/pdf/2025-02636.pdf,https://public-inspection.federalregister.gov/2025-02636.pdf?1739291166,2025-02-12,"[{'raw_name': 'EXECUTIVE OFFICE OF THE PRESIDENT', 'name': 'Executive Office of the President', 'id': 538, 'url': 'https://www.federalregister.gov/agencies/executive-office-of-the-president', 'json_url': 'https://www.federalregister.gov/api/v1/agencies/538', 'parent_id': None, 'slug': 'executive-office-of-the-president'}]",,2025-02-23
11,Establishment of the White House Faith Office,Presidential Document,,2025-02635,https://www.federalregister.gov/documents/2025/02/12/2025-02635/establishment-of-the-white-house-faith-office,https://www.govinfo.gov/content/pkg/FR-2025-02-12/pdf/2025-02635.pdf,https://public-inspection.federalregister.gov/2025-02635.pdf?1739291167,2025-02-12,"[{'raw_name': 'EXECUTIVE OFFICE OF THE PRESIDENT', 'name': 'Executive Office of the President', 'id': 538, 'url': 'https://www.federalregister.gov/agencies/executive-office-of-the-president', 'json_url': 'https://www.federalregister.gov/api/v1/agencies/538', 'parent_id': None, 'slug': 'executive-office-of-the-president'}]",,2025-02-23
12,Addressing Egregious Actions of the Republic of South Africa,Presidential Document,,2025-02630,https://www.federalregister.gov/documents/2025/02/12/2025-02630/addressing-egregious-actions-of-the-republic-of-south-africa,https://www.govinfo.gov/content/pkg/FR-2025-02-12/pdf/2025-02630.pdf,https://public-inspection.federalregister.gov/2025-02630.pdf?1739291167,2025-02-12,"[{'raw_name': 'EXECUTIVE OFFICE OF THE PRESIDENT', 'name': 'Executive Office of the President', 'id': 538, 'url': 'https://www.federalregister.gov/agencies/executive-office-of-the-president', 'json_url': 'https://www.federalregister.gov/api/v1/agencies/538', 'parent_id': None, 'slug': 'executive-office-of-the-president'}]",,2025-02-23
13,Imposing Sanctions on the International Criminal Court,Presidential Document,,2025-02612,https://www.federalregister.gov/documents/2025/02/12/2025-02612/imposing-sanctions-on-the-international-criminal-court,https://www.govinfo.gov/content/pkg/FR-2025-02-12/pdf/2025-02612.pdf,https://public-inspection.federalregister.gov/2025-02612.pdf?1739281515,2025-02-12,"[{'raw_name': 'EXECUTIVE OFFICE OF THE PRESIDENT', 'name': 'Executive Office of the President', 'id': 538, 'url': 'https://www.federalregister.gov/agencies/executive-office-of-the-president', 'json_url': 'https://www.federalregister.gov/api/v1/agencies/538', 'parent_id': None, 'slug': 'executive-office-of-the-president'}]",,2025-02-23
14,Eradicating Anti-Christian Bias,Presidential Document,,2025-02611,https://www.federalregister.gov/documents/2025/02/12/2025-02611/eradicating-anti-christian-bias,https://www.govinfo.gov/content/pkg/FR-2025-02-12/pdf/2025-02611.pdf,https://public-inspection.federalregister.gov/2025-02611.pdf?1739281514,2025-02-12,"[{'raw_name': 'EXECUTIVE OFFICE OF THE PRESIDENT', 'name': 'Executive Office of the President', 'id': 538, 'url': 'https://www.federalregister.gov/agencies/executive-office-of-the-president', 'json_url': 'https://www.federalregister.gov/api/v1/agencies/538', 'parent_id': None, 'slug': 'executive-office-of-the-president'}]",,2025-02-23
15,Keeping Men Out of Women's Sports,Presidential Document,,2025-02513,https://www.federalregister.gov/documents/2025/02/11/2025-02513/keeping-men-out-of-womens-sports,https://www.govinfo.gov/content/pkg/FR-2025-02-11/pdf/2025-02513.pdf,https://public-inspection.federalregister.gov/2025-02513.pdf?1739195114,2025-02-11,"[{'raw_name': 'EXECUTIVE OFFICE OF THE PRESIDENT', 'name': 'Executive Office of the President', 'id': 538, 'url': 'https://www.federalregister.gov/agencies/executive-office-of-the-president', 'json_url': 'https://www.federalregister.gov/api/v1/agencies/538', 'parent_id': None, 'slug': 'executive-office-of-the-president'}]",,2025-02-23
16,Amendment to Duties Addressing the Synthetic Opioid Supply Chain in the People's Republic of China,Presidential Document,,2025-02512,https://www.federalregister.gov/documents/2025/02/11/2025-02512/amendment-to-duties-addressing-the-synthetic-opioid-supply-chain-in-the-peoples-republic-of-china,https://www.govinfo.gov/content/pkg/FR-2025-02-11/pdf/2025-02512.pdf,https://public-inspection.federalregister.gov/2025-02512.pdf?1739195114,2025-02-11,"[{'raw_name': 'EXECUTIVE OFFICE OF THE PRESIDENT', 'name': 'Executive Office of the President', 'id': 538, 'url': 'https://www.federalregister.gov/agencies/executive-office-of-the-president', 'json_url': 'https://www.federalregister.gov/api/v1/agencies/538', 'parent_id': None, 'slug': 'executive-office-of-the-president'}]",,2025-02-23
17,Withdrawing the United States From and Ending Funding to Certain United Nations Organizations and Reviewing United States Support to All International Organizations,Presidential Document,,2025-02504,https://www.federalregister.gov/documents/2025/02/10/2025-02504/withdrawing-the-united-states-from-and-ending-funding-to-certain-united-nations-organizations-and,https://www.govinfo.gov/content/pkg/FR-2025-02-10/pdf/2025-02504.pdf,https://public-inspection.federalregister.gov/2025-02504.pdf?1738944906,2025-02-10,"[{'raw_name': 'EXECUTIVE OFFICE OF THE PRESIDENT', 'name': 'Executive Office of the President', 'id': 538, 'url': 'https://www.federalregister.gov/agencies/executive-office-of-the-president', 'json_url': 'https://www.federalregister.gov/api/v1/agencies/538', 'parent_id': None, 'slug': 'executive-office-of-the-president'}]",,2025-02-23
18,Progress on the Situation at Our Southern Border,Presidential Document,,2025-02479,https://www.federalregister.gov/documents/2025/02/10/2025-02479/progress-on-the-situation-at-our-southern-border,https://www.govinfo.gov/content/pkg/FR-2025-02-10/pdf/2025-02479.pdf,https://public-inspection.federalregister.gov/2025-02479.pdf?1738942596,2025-02-10,"[{'raw_name': 'EXECUTIVE OFFICE OF THE PRESIDENT', 'name': 'Executive Office of the President', 'id': 538, 'url': 'https://www.federalregister.gov/agencies/executive-office-of-the-president', 'json_url': 'https://www.federalregister.gov/api/v1/agencies/538', 'parent_id': None, 'slug': 'executive-office-of-the-president'}]",,2025-02-23
19,Progress on the Situation at Our Northern Border,Presidential Document,,2025-02478,https://www.federalregister.gov/documents/2025/02/10/2025-02478/progress-on-the-situation-at-our-northern-border,https://www.govinfo.gov/content/pkg/FR-2025-02-10/pdf/2025-02478.pdf,https://public-inspection.federalregister.gov/2025-02478.pdf?1738942596,2025-02-10,"[{'raw_name': 'EXECUTIVE OFFICE OF THE PRESIDENT', 'name': 'Executive Office of the President', 'id': 538, 'url': 'https://www.federalregister.gov/agencies/executive-office-of-the-president', 'json_url': 'https://www.federalregister.gov/api/v1/agencies/538', 'parent_id': None, 'slug': 'executive-office-of-the-president'}]",,2025-02-23
20,A Plan for Establishing a United States Sovereign Wealth Fund,Presidential Document,,2025-02477,https://www.federalregister.gov/documents/2025/02/10/2025-02477/a-plan-for-establishing-a-united-states-sovereign-wealth-fund,https://www.govinfo.gov/content/pkg/FR-2025-02-10/pdf/2025-02477.pdf,https://public-inspection.federalregister.gov/2025-02477.pdf?1738942596,2025-02-10,"[{'raw_name': 'EXECUTIVE OFFICE OF THE PRESIDENT', 'name': 'Executive Office of the President', 'id': 538, 'url': 'https://www.federalregister.gov/agencies/executive-office-of-the-president', 'json_url': 'https://www.federalregister.gov/api/v1/agencies/538', 'parent_id': None, 'slug': 'executive-office-of-the-president'}]",,2025-02-23
21,Imposing Duties To Address the Synthetic Opioid Supply Chain in the People's Republic of China,Presidential Document,,2025-02408,https://www.federalregister.gov/documents/2025/02/07/2025-02408/imposing-duties-to-address-the-synthetic-opioid-supply-chain-in-the-peoples-republic-of-china,https://www.govinfo.gov/content/pkg/FR-2025-02-07/pdf/2025-02408.pdf,https://public-inspection.federalregister.gov/2025-02408.pdf?1738849516,2025-02-07,"[{'raw_name': 'EXECUTIVE OFFICE OF THE PRESIDENT', 'name': 'Executive Office of the President', 'id': 538, 'url': 'https://www.federalregister.gov/agencies/executive-office-of-the-president', 'json_url': 'https://www.federalregister.gov/api/v1/agencies/538', 'parent_id': None, 'slug': 'executive-office-of-the-president'}]",,2025-02-23
22,Imposing Duties To Address the Situation at Our Southern Border,Presidential Document,,2025-02407,https://www.federalregister.gov/documents/2025/02/07/2025-02407/imposing-duties-to-address-the-situation-at-our-southern-border,https://www.govinfo.gov/content/pkg/FR-2025-02-07/pdf/2025-02407.pdf,https://public-inspection.federalregister.gov/2025-02407.pdf?1738849516,2025-02-07,"[{'raw_name': 'EXECUTIVE OFFICE OF THE PRESIDENT', 'name': 'Executive Office of the President', 'id': 538, 'url': 'https://www.federalregister.gov/agencies/executive-office-of-the-president', 'json_url': 'https://www.federalregister.gov/api/v1/agencies/538', 'parent_id': None, 'slug': 'executive-office-of-the-president'}]",,2025-02-23
23,Imposing Duties To Address the Flow of Illicit Drugs Across Our Northern Border,Presidential Document,,2025-02406,https://www.federalregister.gov/documents/2025/02/07/2025-02406/imposing-duties-to-address-the-flow-of-illicit-drugs-across-our-northern-border,https://www.govinfo.gov/content/pkg/FR-2025-02-07/pdf/2025-02406.pdf,https://public-inspection.federalregister.gov/2025-02406.pdf?1738849516,2025-02-07,"[{'raw_name': 'EXECUTIVE OFFICE OF THE PRESIDENT', 'name': 'Executive Office of the President', 'id': 538, 'url': 'https://www.federalregister.gov/agencies/executive-office-of-the-president', 'json_url': 'https://www.federalregister.gov/api/v1/agencies/538', 'parent_id': None, 'slug': 'executive-office-of-the-president'}]",,2025-02-23
24,Unleashing Prosperity Through Deregulation,Presidential Document,,2025-02345,https://www.federalregister.gov/documents/2025/02/06/2025-02345/unleashing-prosperity-through-deregulation,https://www.govinfo.gov/content/pkg/FR-2025-02-06/pdf/2025-02345.pdf,https://public-inspection.federalregister.gov/2025-02345.pdf?1738763113,2025-02-06,"[{'raw_name': 'EXECUTIVE OFFICE OF THE PRESIDENT', 'name': 'Executive Office of the President', 'id': 538, 'url': 'https://www.federalregister.gov/agencies/executive-office-of-the-president', 'json_url': 'https://www.federalregister.gov/api/v1/agencies/538', 'parent_id': None, 'slug': 'executive-office-of-the-president'}]",,2025-02-23
25,Expanding Educational Freedom and Opportunity for Families,Presidential Document,,2025-02233,https://www.federalregister.gov/documents/2025/02/03/2025-02233/expanding-educational-freedom-and-opportunity-for-families,https://www.govinfo.gov/content/pkg/FR-2025-02-03/pdf/2025-02233.pdf,https://public-inspection.federalregister.gov/2025-02233.pdf?1738340106,2025-02-03,"[{'raw_name': 'EXECUTIVE OFFICE OF THE PRESIDENT', 'name': 'Executive Office of the President', 'id': 538, 'url': 'https://www.federalregister.gov/agencies/executive-office-of-the-president', 'json_url': 'https://www.federalregister.gov/api/v1/agencies/538', 'parent_id': None, 'slug': 'executive-office-of-the-president'}]",,2025-02-23
26,Ending Radical Indoctrination in K-12 Schooling,Presidential Document,,2025-02232,https://www.federalregister.gov/documents/2025/02/03/2025-02232/ending-radical-indoctrination-in-k-12-schooling,https://www.govinfo.gov/content/pkg/FR-2025-02-03/pdf/2025-02232.pdf,https://public-inspection.federalregister.gov/2025-02232.pdf?1738340106,2025-02-03,"[{'raw_name': 'EXECUTIVE OFFICE OF THE PRESIDENT', 'name': 'Executive Office of the President', 'id': 538, 'url': 'https://www.federalregister.gov/agencies/executive-office-of-the-president', 'json_url': 'https://www.federalregister.gov/api/v1/agencies/538', 'parent_id': None, 'slug': 'executive-office-of-the-president'}]",,2025-02-23
27,Celebrating America's 250th Birthday,Presidential Document,,2025-02231,https://www.federalregister.gov/documents/2025/02/03/2025-02231/celebrating-americas-250th-birthday,https://www.govinfo.gov/content/pkg/FR-2025-02-03/pdf/2025-02231.pdf,https://public-inspection.federalregister.gov/2025-02231.pdf?1738340106,2025-02-03,"[{'raw_name': 'EXECUTIVE OFFICE OF THE PRESIDENT', 'name': 'Executive Office of the President', 'id': 538, 'url': 'https://www.federalregister.gov/agencies/executive-office-of-the-president', 'json_url': 'https://www.federalregister.gov/api/v1/agencies/538', 'parent_id': None, 'slug': 'executive-office-of-the-president'}]",,2025-02-23
28,Additional Measures To Combat Anti-Semitism,Presidential Document,,2025-02230,https://www.federalregister.gov/documents/2025/02/03/2025-02230/additional-measures-to-combat-anti-semitism,https://www.govinfo.gov/content/pkg/FR-2025-02-03/pdf/2025-02230.pdf,https://public-inspection.federalregister.gov/2025-02230.pdf?1738340106,2025-02-03,"[{'raw_name': 'EXECUTIVE OFFICE OF THE PRESIDENT', 'name': 'Executive Office of the President', 'id': 538, 'url': 'https://www.federalregister.gov/agencies/executive-office-of-the-president', 'json_url': 'https://www.federalregister.gov/api/v1/agencies/538', 'parent_id': None, 'slug': 'executive-office-of-the-president'}]",,2025-02-23
29,Protecting Children From Chemical and Surgical Mutilation,Presidential Document,,2025-02194,https://www.federalregister.gov/documents/2025/02/03/2025-02194/protecting-children-from-chemical-and-surgical-mutilation,https://www.govinfo.gov/content/pkg/FR-2025-02-03/pdf/2025-02194.pdf,https://public-inspection.federalregister.gov/2025-02194.pdf?1738331114,2025-02-03,"[{'raw_name': 'EXECUTIVE OFFICE OF THE PRESIDENT', 'name': 'Executive Office of the President', 'id': 538, 'url': 'https://www.federalregister.gov/agencies/executive-office-of-the-president', 'json_url': 'https://www.federalregister.gov/api/v1/agencies/538', 'parent_id': None, 'slug': 'executive-office-of-the-president'}]",,2025-02-23
30,The Iron Dome for America,Presidential Document,,2025-02182,https://www.federalregister.gov/documents/2025/02/03/2025-02182/the-iron-dome-for-america,https://www.govinfo.gov/content/pkg/FR-2025-02-03/pdf/2025-02182.pdf,https://public-inspection.federalregister.gov/2025-02182.pdf?1738331113,2025-02-03,"[{'raw_name': 'EXECUTIVE OFFICE OF THE PRESIDENT', 'name': 'Executive Office of the President', 'id': 538, 'url': 'https://www.federalregister.gov/agencies/executive-office-of-the-president', 'json_url': 'https://www.federalregister.gov/api/v1/agencies/538', 'parent_id': None, 'slug': 'executive-office-of-the-president'}]",,2025-02-23
31,Restoring America's Fighting Force,Presidential Document,,2025-02181,https://www.federalregister.gov/documents/2025/02/03/2025-02181/restoring-americas-fighting-force,https://www.govinfo.gov/content/pkg/FR-2025-02-03/pdf/2025-02181.pdf,https://public-inspection.federalregister.gov/2025-02181.pdf?1738331113,2025-02-03,"[{'raw_name': 'EXECUTIVE OFFICE OF THE PRESIDENT', 'name': 'Executive Office of the President', 'id': 538, 'url': 'https://www.federalregister.gov/agencies/executive-office-of-the-president', 'json_url': 'https://www.federalregister.gov/api/v1/agencies/538', 'parent_id': None, 'slug': 'executive-office-of-the-president'}]",,2025-02-23
32,Reinstating Service Members Discharged Under the Military's COVID-19 Vaccination Mandate,Presidential Document,,2025-02180,https://www.federalregister.gov/documents/2025/02/03/2025-02180/reinstating-service-members-discharged-under-the-militarys-covid-19-vaccination-mandate,https://www.govinfo.gov/content/pkg/FR-2025-02-03/pdf/2025-02180.pdf,https://public-inspection.federalregister.gov/2025-02180.pdf?1738331113,2025-02-03,"[{'raw_name': 'EXECUTIVE OFFICE OF THE PRESIDENT', 'name': 'Executive Office of the President', 'id': 538, 'url': 'https://www.federalregister.gov/agencies/executive-office-of-the-president', 'json_url': 'https://www.federalregister.gov/api/v1/agencies/538', 'parent_id': None, 'slug': 'executive-office-of-the-president'}]",,2025-02-23
33,Prioritizing Military Excellence and Readiness,Presidential Document,,2025-02178,https://www.federalregister.gov/documents/2025/02/03/2025-02178/prioritizing-military-excellence-and-readiness,https://www.govinfo.gov/content/pkg/FR-2025-02-03/pdf/2025-02178.pdf,https://public-inspection.federalregister.gov/2025-02178.pdf?1738331113,2025-02-03,"[{'raw_name': 'EXECUTIVE OFFICE OF THE PRESIDENT', 'name': 'Executive Office of the President', 'id': 538, 'url': 'https://www.federalregister.gov/agencies/executive-office-of-the-president', 'json_url': 'https://www.federalregister.gov/api/v1/agencies/538', 'parent_id': None, 'slug': 'executive-office-of-the-president'}]",,2025-02-23
34,Enforcing the Hyde Amendment,Presidential Document,,2025-02175,https://www.federalregister.gov/documents/2025/01/31/2025-02175/enforcing-the-hyde-amendment,https://www.govinfo.gov/content/pkg/FR-2025-01-31/pdf/2025-02175.pdf,https://public-inspection.federalregister.gov/2025-02175.pdf?1738253711,2025-01-31,"[{'raw_name': 'EXECUTIVE OFFICE OF THE PRESIDENT', 'name': 'Executive Office of the President', 'id': 538, 'url': 'https://www.federalregister.gov/agencies/executive-office-of-the-president', 'json_url': 'https://www.federalregister.gov/api/v1/agencies/538', 'parent_id': None, 'slug': 'executive-office-of-the-president'}]",,2025-02-23
35,Emergency Measures To Provide Water Resources in California and Improve Disaster Response in Certain Areas,Presidential Document,,2025-02174,https://www.federalregister.gov/documents/2025/01/31/2025-02174/emergency-measures-to-provide-water-resources-in-california-and-improve-disaster-response-in-certain,https://www.govinfo.gov/content/pkg/FR-2025-01-31/pdf/2025-02174.pdf,https://public-inspection.federalregister.gov/2025-02174.pdf?1738253711,2025-01-31,"[{'raw_name': 'EXECUTIVE OFFICE OF THE PRESIDENT', 'name': 'Executive Office of the President', 'id': 538, 'url': 'https://www.federalregister.gov/agencies/executive-office-of-the-president', 'json_url': 'https://www.federalregister.gov/api/v1/agencies/538', 'parent_id': None, 'slug': 'executive-office-of-the-president'}]",,2025-02-23
36,Council To Assess the Federal Emergency Management Agency,Presidential Document,,2025-02173,https://www.federalregister.gov/documents/2025/01/31/2025-02173/council-to-assess-the-federal-emergency-management-agency,https://www.govinfo.gov/content/pkg/FR-2025-01-31/pdf/2025-02173.pdf,https://public-inspection.federalregister.gov/2025-02173.pdf?1738253711,2025-01-31,"[{'raw_name': 'EXECUTIVE OFFICE OF THE PRESIDENT', 'name': 'Executive Office of the President', 'id': 538, 'url': 'https://www.federalregister.gov/agencies/executive-office-of-the-president', 'json_url': 'https://www.federalregister.gov/api/v1/agencies/538', 'parent_id': None, 'slug': 'executive-office-of-the-president'}]",,2025-02-23
37,Removing Barriers to American Leadership in Artificial Intelligence,Presidential Document,,2025-02172,https://www.federalregister.gov/documents/2025/01/31/2025-02172/removing-barriers-to-american-leadership-in-artificial-intelligence,https://www.govinfo.gov/content/pkg/FR-2025-01-31/pdf/2025-02172.pdf,https://public-inspection.federalregister.gov/2025-02172.pdf?1738253710,2025-01-31,"[{'raw_name': 'EXECUTIVE OFFICE OF THE PRESIDENT', 'name': 'Executive Office of the President', 'id': 538, 'url': 'https://www.federalregister.gov/agencies/executive-office-of-the-president', 'json_url': 'https://www.federalregister.gov/api/v1/agencies/538', 'parent_id': None, 'slug': 'executive-office-of-the-president'}]",,2025-02-23
38,Strengthening American Leadership in Digital Financial Technology,Presidential Document,,2025-02123,https://www.federalregister.gov/documents/2025/01/31/2025-02123/strengthening-american-leadership-in-digital-financial-technology,https://www.govinfo.gov/content/pkg/FR-2025-01-31/pdf/2025-02123.pdf,https://public-inspection.federalregister.gov/2025-02123.pdf?1738244719,2025-01-31,"[{'raw_name': 'EXECUTIVE OFFICE OF THE PRESIDENT', 'name': 'Executive Office of the President', 'id': 538, 'url': 'https://www.federalregister.gov/agencies/executive-office-of-the-president', 'json_url': 'https://www.federalregister.gov/api/v1/agencies/538', 'parent_id': None, 'slug': 'executive-office-of-the-president'}]",,2025-02-23
39,President's Council of Advisors on Science and Technology,Presidential Document,,2025-02121,https://www.federalregister.gov/documents/2025/01/31/2025-02121/presidents-council-of-advisors-on-science-and-technology,https://www.govinfo.gov/content/pkg/FR-2025-01-31/pdf/2025-02121.pdf,https://public-inspection.federalregister.gov/2025-02121.pdf?1738244719,2025-01-31,"[{'raw_name': 'EXECUTIVE OFFICE OF THE PRESIDENT', 'name': 'Executive Office of the President', 'id': 538, 'url': 'https://www.federalregister.gov/agencies/executive-office-of-the-president', 'json_url': 'https://www.federalregister.gov/api/v1/agencies/538', 'parent_id': None, 'slug': 'executive-office-of-the-president'}]",,2025-02-23
40,"Declassification of Records Concerning the Assassinations of President John F. Kennedy, Senator Robert F. Kennedy, and the Reverend Dr. Martin Luther King, Jr.",Presidential Document,,2025-02116,https://www.federalregister.gov/documents/2025/01/31/2025-02116/declassification-of-records-concerning-the-assassinations-of-president-john-f-kennedy-senator-robert,https://www.govinfo.gov/content/pkg/FR-2025-01-31/pdf/2025-02116.pdf,https://public-inspection.federalregister.gov/2025-02116.pdf?1738244719,2025-01-31,"[{'raw_name': 'EXECUTIVE OFFICE OF THE PRESIDENT', 'name': 'Executive Office of the President', 'id': 538, 'url': 'https://www.federalregister.gov/agencies/executive-office-of-the-president', 'json_url': 'https://www.federalregister.gov/api/v1/agencies/538', 'parent_id': None, 'slug': 'executive-office-of-the-president'}]",,2025-02-23
41,Designation of Ansar Allah as a Foreign Terrorist Organization,Presidential Document,,2025-02103,https://www.federalregister.gov/documents/2025/01/31/2025-02103/designation-of-ansar-allah-as-a-foreign-terrorist-organization,https://www.govinfo.gov/content/pkg/FR-2025-01-31/pdf/2025-02103.pdf,https://public-inspection.federalregister.gov/2025-02103.pdf?1738244718,2025-01-31,"[{'raw_name': 'EXECUTIVE OFFICE OF THE PRESIDENT', 'name': 'Executive Office of the President', 'id': 538, 'url': 'https://www.federalregister.gov/agencies/executive-office-of-the-president', 'json_url': 'https://www.federalregister.gov/api/v1/agencies/538', 'parent_id': None, 'slug': 'executive-office-of-the-president'}]",,2025-02-23
42,Revocation of Certain Executive Orders,Presidential Document,,2025-02098,https://www.federalregister.gov/documents/2025/01/31/2025-02098/revocation-of-certain-executive-orders,https://www.govinfo.gov/content/pkg/FR-2025-01-31/pdf/2025-02098.pdf,https://public-inspection.federalregister.gov/2025-02098.pdf?1738244718,2025-01-31,"[{'raw_name': 'EXECUTIVE OFFICE OF THE PRESIDENT', 'name': 'Executive Office of the President', 'id': 538, 'url': 'https://www.federalregister.gov/agencies/executive-office-of-the-president', 'json_url': 'https://www.federalregister.gov/api/v1/agencies/538', 'parent_id': None, 'slug': 'executive-office-of-the-president'}]",,2025-02-23
43,Ending Illegal Discrimination and Restoring Merit-Based Opportunity,Presidential Document,,2025-02097,https://www.federalregister.gov/documents/2025/01/31/2025-02097/ending-illegal-discrimination-and-restoring-merit-based-opportunity,https://www.govinfo.gov/content/pkg/FR-2025-01-31/pdf/2025-02097.pdf,https://public-inspection.federalregister.gov/2025-02097.pdf?1738244718,2025-01-31,"[{'raw_name': 'EXECUTIVE OFFICE OF THE PRESIDENT', 'name': 'Executive Office of the President', 'id': 538, 'url': 'https://www.federalregister.gov/agencies/executive-office-of-the-president', 'json_url': 'https://www.federalregister.gov/api/v1/agencies/538', 'parent_id': None, 'slug': 'executive-office-of-the-president'}]",,2025-02-23
44,Restoring Names That Honor American Greatness,Presidential Document,,2025-02096,https://www.federalregister.gov/documents/2025/01/31/2025-02096/restoring-names-that-honor-american-greatness,https://www.govinfo.gov/content/pkg/FR-2025-01-31/pdf/2025-02096.pdf,https://public-inspection.federalregister.gov/2025-02096.pdf?1738244718,2025-01-31,"[{'raw_name': 'EXECUTIVE OFFICE OF THE PRESIDENT', 'name': 'Executive Office of the President', 'id': 538, 'url': 'https://www.federalregister.gov/agencies/executive-office-of-the-president', 'json_url': 'https://www.federalregister.gov/api/v1/agencies/538', 'parent_id': None, 'slug': 'executive-office-of-the-president'}]",,2025-02-23
45,Restoring Accountability to Policy-Influencing Positions Within the Federal Workforce,Presidential Document,,2025-02095,https://www.federalregister.gov/documents/2025/01/31/2025-02095/restoring-accountability-to-policy-influencing-positions-within-the-federal-workforce,https://www.govinfo.gov/content/pkg/FR-2025-01-31/pdf/2025-02095.pdf,https://public-inspection.federalregister.gov/2025-02095.pdf?1738244718,2025-01-31,"[{'raw_name': 'EXECUTIVE OFFICE OF THE PRESIDENT', 'name': 'Executive Office of the President', 'id': 538, 'url': 'https://www.federalregister.gov/agencies/executive-office-of-the-president', 'json_url': 'https://www.federalregister.gov/api/v1/agencies/538', 'parent_id': None, 'slug': 'executive-office-of-the-president'}]",,2025-02-23
46,Reforming the Federal Hiring Process and Restoring Merit to Government Service,Presidential Document,,2025-02094,https://www.federalregister.gov/documents/2025/01/30/2025-02094/reforming-the-federal-hiring-process-and-restoring-merit-to-government-service,https://www.govinfo.gov/content/pkg/FR-2025-01-30/pdf/2025-02094.pdf,https://public-inspection.federalregister.gov/2025-02094.pdf?1738167308,2025-01-30,"[{'raw_name': 'EXECUTIVE OFFICE OF THE PRESIDENT', 'name': 'Executive Office of the President', 'id': 538, 'url': 'https://www.federalregister.gov/agencies/executive-office-of-the-president', 'json_url': 'https://www.federalregister.gov/api/v1/agencies/538', 'parent_id': None, 'slug': 'executive-office-of-the-president'}]",,2025-02-23
47,Reevaluating and Realigning United States Foreign Aid,Presidential Document,,2025-02091,https://www.federalregister.gov/documents/2025/01/30/2025-02091/reevaluating-and-realigning-united-states-foreign-aid,https://www.govinfo.gov/content/pkg/FR-2025-01-30/pdf/2025-02091.pdf,https://public-inspection.federalregister.gov/2025-02091.pdf?1738167307,2025-01-30,"[{'raw_name': 'EXECUTIVE OFFICE OF THE PRESIDENT', 'name': 'Executive Office of the President', 'id': 538, 'url': 'https://www.federalregister.gov/agencies/executive-office-of-the-president', 'json_url': 'https://www.federalregister.gov/api/v1/agencies/538', 'parent_id': None, 'slug': 'executive-office-of-the-president'}]",,2025-02-23
48,Defending Women From Gender Ideology Extremism and Restoring Biological Truth to the Federal Government,Presidential Document,,2025-02090,https://www.federalregister.gov/documents/2025/01/30/2025-02090/defending-women-from-gender-ideology-extremism-and-restoring-biological-truth-to-the-federal,https://www.govinfo.gov/content/pkg/FR-2025-01-30/pdf/2025-02090.pdf,https://public-inspection.federalregister.gov/2025-02090.pdf?1738167307,2025-01-30,"[{'raw_name': 'EXECUTIVE OFFICE OF THE PRESIDENT', 'name': 'Executive Office of the President', 'id': 538, 'url': 'https://www.federalregister.gov/agencies/executive-office-of-the-president', 'json_url': 'https://www.federalregister.gov/api/v1/agencies/538', 'parent_id': None, 'slug': 'executive-office-of-the-president'}]",,2025-02-23
49,Clarifying the Military's Role in Protecting the Territorial Integrity of the United States,Presidential Document,,2025-02089,https://www.federalregister.gov/documents/2025/01/30/2025-02089/clarifying-the-militarys-role-in-protecting-the-territorial-integrity-of-the-united-states,https://www.govinfo.gov/content/pkg/FR-2025-01-30/pdf/2025-02089.pdf,https://public-inspection.federalregister.gov/2025-02089.pdf?1738167307,2025-01-30,"[{'raw_name': 'EXECUTIVE OFFICE OF THE PRESIDENT', 'name': 'Executive Office of the President', 'id': 538, 'url': 'https://www.federalregister.gov/agencies/executive-office-of-the-president', 'json_url': 'https://www.federalregister.gov/api/v1/agencies/538', 'parent_id': None, 'slug': 'executive-office-of-the-president'}]",,2025-02-23
50,Application of Protecting Americans From Foreign Adversary Controlled Applications Act to TikTok,Presidential Document,,2025-02087,https://www.federalregister.gov/documents/2025/01/30/2025-02087/application-of-protecting-americans-from-foreign-adversary-controlled-applications-act-to-tiktok,https://www.govinfo.gov/content/pkg/FR-2025-01-30/pdf/2025-02087.pdf,https://public-inspection.federalregister.gov/2025-02087.pdf?1738167307,2025-01-30,"[{'raw_name': 'EXECUTIVE OFFICE OF THE PRESIDENT', 'name': 'Executive Office of the President', 'id': 538, 'url': 'https://www.federalregister.gov/agencies/executive-office-of-the-president', 'json_url': 'https://www.federalregister.gov/api/v1/agencies/538', 'parent_id': None, 'slug': 'executive-office-of-the-president'}]",,2025-02-23
51,Securing Our Borders,Presidential Document,,2025-02015,https://www.federalregister.gov/documents/2025/01/30/2025-02015/securing-our-borders,https://www.govinfo.gov/content/pkg/FR-2025-01-30/pdf/2025-02015.pdf,https://public-inspection.federalregister.gov/2025-02015.pdf?1738158316,2025-01-30,"[{'raw_name': 'EXECUTIVE OFFICE OF THE PRESIDENT', 'name': 'Executive Office of the President', 'id': 538, 'url': 'https://www.federalregister.gov/agencies/executive-office-of-the-president', 'json_url': 'https://www.federalregister.gov/api/v1/agencies/538', 'parent_id': None, 'slug': 'executive-office-of-the-president'}]",,2025-02-23
52,Restoring the Death Penalty and Protecting Public Safety,Presidential Document,,2025-02012,https://www.federalregister.gov/documents/2025/01/30/2025-02012/restoring-the-death-penalty-and-protecting-public-safety,https://www.govinfo.gov/content/pkg/FR-2025-01-30/pdf/2025-02012.pdf,https://public-inspection.federalregister.gov/2025-02012.pdf?1738158316,2025-01-30,"[{'raw_name': 'EXECUTIVE OFFICE OF THE PRESIDENT', 'name': 'Executive Office of the President', 'id': 538, 'url': 'https://www.federalregister.gov/agencies/executive-office-of-the-president', 'json_url': 'https://www.federalregister.gov/api/v1/agencies/538', 'parent_id': None, 'slug': 'executive-office-of-the-president'}]",,2025-02-23
53,Realigning the United States Refugee Admissions Program,Presidential Document,,2025-02011,https://www.federalregister.gov/documents/2025/01/30/2025-02011/realigning-the-united-states-refugee-admissions-program,https://www.govinfo.gov/content/pkg/FR-2025-01-30/pdf/2025-02011.pdf,https://public-inspection.federalregister.gov/2025-02011.pdf?1738158316,2025-01-30,"[{'raw_name': 'EXECUTIVE OFFICE OF THE PRESIDENT', 'name': 'Executive Office of the President', 'id': 538, 'url': 'https://www.federalregister.gov/agencies/executive-office-of-the-president', 'json_url': 'https://www.federalregister.gov/api/v1/agencies/538', 'parent_id': None, 'slug': 'executive-office-of-the-president'}]",,2025-02-23
54,Putting America First in International Environmental Agreements,Presidential Document,,2025-02010,https://www.federalregister.gov/documents/2025/01/30/2025-02010/putting-america-first-in-international-environmental-agreements,https://www.govinfo.gov/content/pkg/FR-2025-01-30/pdf/2025-02010.pdf,https://public-inspection.federalregister.gov/2025-02010.pdf?1738158316,2025-01-30,"[{'raw_name': 'EXECUTIVE OFFICE OF THE PRESIDENT', 'name': 'Executive Office of the President', 'id': 538, 'url': 'https://www.federalregister.gov/agencies/executive-office-of-the-president', 'json_url': 'https://www.federalregister.gov/api/v1/agencies/538', 'parent_id': None, 'slug': 'executive-office-of-the-president'}]",,2025-02-23
55,Protecting the United States From Foreign Terrorists and Other National Security and Public Safety Threats,Presidential Document,,2025-02009,https://www.federalregister.gov/documents/2025/01/30/2025-02009/protecting-the-united-states-from-foreign-terrorists-and-other-national-security-and-public-safety,https://www.govinfo.gov/content/pkg/FR-2025-01-30/pdf/2025-02009.pdf,https://public-inspection.federalregister.gov/2025-02009.pdf?1738158316,2025-01-30,"[{'raw_name': 'EXECUTIVE OFFICE OF THE PRESIDENT', 'name': 'Executive Office of the President', 'id': 538, 'url': 'https://www.federalregister.gov/agencies/executive-office-of-the-president', 'json_url': 'https://www.federalregister.gov/api/v1/agencies/538', 'parent_id': None, 'slug': 'executive-office-of-the-president'}]",,2025-02-23
56,Protecting the Meaning and Value of American Citizenship,Presidential Document,,2025-02007,https://www.federalregister.gov/documents/2025/01/29/2025-02007/protecting-the-meaning-and-value-of-american-citizenship,https://www.govinfo.gov/content/pkg/FR-2025-01-29/pdf/2025-02007.pdf,https://public-inspection.federalregister.gov/2025-02007.pdf?1738080907,2025-01-29,"[{'raw_name': 'EXECUTIVE OFFICE OF THE PRESIDENT', 'name': 'Executive Office of the President', 'id': 538, 'url': 'https://www.federalregister.gov/agencies/executive-office-of-the-president', 'json_url': 'https://www.federalregister.gov/api/v1/agencies/538', 'parent_id': None, 'slug': 'executive-office-of-the-president'}]",,2025-02-23
57,Protecting the American People Against Invasion,Presidential Document,,2025-02006,https://www.federalregister.gov/documents/2025/01/29/2025-02006/protecting-the-american-people-against-invasion,https://www.govinfo.gov/content/pkg/FR-2025-01-29/pdf/2025-02006.pdf,https://public-inspection.federalregister.gov/2025-02006.pdf?1738080907,2025-01-29,"[{'raw_name': 'EXECUTIVE OFFICE OF THE PRESIDENT', 'name': 'Executive Office of the President', 'id': 538, 'url': 'https://www.federalregister.gov/agencies/executive-office-of-the-president', 'json_url': 'https://www.federalregister.gov/api/v1/agencies/538', 'parent_id': None, 'slug': 'executive-office-of-the-president'}]",,2025-02-23
58,"Establishing and Implementing the President's ""Department of Government Efficiency""",Presidential Document,,2025-02005,https://www.federalregister.gov/documents/2025/01/29/2025-02005/establishing-and-implementing-the-presidents-department-of-government-efficiency,https://www.govinfo.gov/content/pkg/FR-2025-01-29/pdf/2025-02005.pdf,https://public-inspection.federalregister.gov/2025-02005.pdf?1738080907,2025-01-29,"[{'raw_name': 'EXECUTIVE OFFICE OF THE PRESIDENT', 'name': 'Executive Office of the President', 'id': 538, 'url': 'https://www.federalregister.gov/agencies/executive-office-of-the-president', 'json_url': 'https://www.federalregister.gov/api/v1/agencies/538', 'parent_id': None, 'slug': 'executive-office-of-the-president'}]",,2025-02-23
59,Designating Cartels and Other Organizations as Foreign Terrorist Organizations and Specially Designated Global Terrorists,Presidential Document,,2025-02004,https://www.federalregister.gov/documents/2025/01/29/2025-02004/designating-cartels-and-other-organizations-as-foreign-terrorist-organizations-and-specially,https://www.govinfo.gov/content/pkg/FR-2025-01-29/pdf/2025-02004.pdf,https://public-inspection.federalregister.gov/2025-02004.pdf?1738080907,2025-01-29,"[{'raw_name': 'EXECUTIVE OFFICE OF THE PRESIDENT', 'name': 'Executive Office of the President', 'id': 538, 'url': 'https://www.federalregister.gov/agencies/executive-office-of-the-president', 'json_url': 'https://www.federalregister.gov/api/v1/agencies/538', 'parent_id': None, 'slug': 'executive-office-of-the-president'}]",,2025-02-23
60,Declaring a National Energy Emergency,Presidential Document,,2025-02003,https://www.federalregister.gov/documents/2025/01/29/2025-02003/declaring-a-national-energy-emergency,https://www.govinfo.gov/content/pkg/FR-2025-01-29/pdf/2025-02003.pdf,https://public-inspection.federalregister.gov/2025-02003.pdf?1738080907,2025-01-29,"[{'raw_name': 'EXECUTIVE OFFICE OF THE PRESIDENT', 'name': 'Executive Office of the President', 'id': 538, 'url': 'https://www.federalregister.gov/agencies/executive-office-of-the-president', 'json_url': 'https://www.federalregister.gov/api/v1/agencies/538', 'parent_id': None, 'slug': 'executive-office-of-the-president'}]",,2025-02-23
61,Withdrawing the United States From the World Health Organization,Presidential Document,,2025-01957,https://www.federalregister.gov/documents/2025/01/29/2025-01957/withdrawing-the-united-states-from-the-world-health-organization,https://www.govinfo.gov/content/pkg/FR-2025-01-29/pdf/2025-01957.pdf,https://public-inspection.federalregister.gov/2025-01957.pdf?1738071914,2025-01-29,"[{'raw_name': 'EXECUTIVE OFFICE OF THE PRESIDENT', 'name': 'Executive Office of the President', 'id': 538, 'url': 'https://www.federalregister.gov/agencies/executive-office-of-the-president', 'json_url': 'https://www.federalregister.gov/api/v1/agencies/538', 'parent_id': None, 'slug': 'executive-office-of-the-president'}]",,2025-02-23
62,Unleashing American Energy,Presidential Document,,2025-01956,https://www.federalregister.gov/documents/2025/01/29/2025-01956/unleashing-american-energy,https://www.govinfo.gov/content/pkg/FR-2025-01-29/pdf/2025-01956.pdf,https://public-inspection.federalregister.gov/2025-01956.pdf?1738071914,2025-01-29,"[{'raw_name': 'EXECUTIVE OFFICE OF THE PRESIDENT', 'name': 'Executive Office of the President', 'id': 538, 'url': 'https://www.federalregister.gov/agencies/executive-office-of-the-president', 'json_url': 'https://www.federalregister.gov/api/v1/agencies/538', 'parent_id': None, 'slug': 'executive-office-of-the-president'}]",,2025-02-23
63,Unleashing Alaska's Extraordinary Resource Potential,Presidential Document,,2025-01955,https://www.federalregister.gov/documents/2025/01/29/2025-01955/unleashing-alaskas-extraordinary-resource-potential,https://www.govinfo.gov/content/pkg/FR-2025-01-29/pdf/2025-01955.pdf,https://public-inspection.federalregister.gov/2025-01955.pdf?1738071914,2025-01-29,"[{'raw_name': 'EXECUTIVE OFFICE OF THE PRESIDENT', 'name': 'Executive Office of the President', 'id': 538, 'url': 'https://www.federalregister.gov/agencies/executive-office-of-the-president', 'json_url': 'https://www.federalregister.gov/api/v1/agencies/538', 'parent_id': None, 'slug': 'executive-office-of-the-president'}]",,2025-02-23
64,Holding Former Government Officials Accountable for Election Interference and Improper Disclosure of Sensitive Governmental Information,Presidential Document,,2025-01954,https://www.federalregister.gov/documents/2025/01/29/2025-01954/holding-former-government-officials-accountable-for-election-interference-and-improper-disclosure-of,https://www.govinfo.gov/content/pkg/FR-2025-01-29/pdf/2025-01954.pdf,https://public-inspection.federalregister.gov/2025-01954.pdf?1738071914,2025-01-29,"[{'raw_name': 'EXECUTIVE OFFICE OF THE PRESIDENT', 'name': 'Executive Office of the President', 'id': 538, 'url': 'https://www.federalregister.gov/agencies/executive-office-of-the-president', 'json_url': 'https://www.federalregister.gov/api/v1/agencies/538', 'parent_id': None, 'slug': 'executive-office-of-the-president'}]",,2025-02-23
65,Ending Radical and Wasteful Government DEI Programs and Preferencing,Presidential Document,,2025-01953,https://www.federalregister.gov/documents/2025/01/29/2025-01953/ending-radical-and-wasteful-government-dei-programs-and-preferencing,https://www.govinfo.gov/content/pkg/FR-2025-01-29/pdf/2025-01953.pdf,https://public-inspection.federalregister.gov/2025-01953.pdf?1738071914,2025-01-29,"[{'raw_name': 'EXECUTIVE OFFICE OF THE PRESIDENT', 'name': 'Executive Office of the President', 'id': 538, 'url': 'https://www.federalregister.gov/agencies/executive-office-of-the-president', 'json_url': 'https://www.federalregister.gov/api/v1/agencies/538', 'parent_id': None, 'slug': 'executive-office-of-the-president'}]",,2025-02-23
66,America First Policy Directive to the Secretary of State,Presidential Document,,2025-01952,https://www.federalregister.gov/documents/2025/01/29/2025-01952/america-first-policy-directive-to-the-secretary-of-state,https://www.govinfo.gov/content/pkg/FR-2025-01-29/pdf/2025-01952.pdf,https://public-inspection.federalregister.gov/2025-01952.pdf?1738071914,2025-01-29,"[{'raw_name': 'EXECUTIVE OFFICE OF THE PRESIDENT', 'name': 'Executive Office of the President', 'id': 538, 'url': 'https://www.federalregister.gov/agencies/executive-office-of-the-president', 'json_url': 'https://www.federalregister.gov/api/v1/agencies/538', 'parent_id': None, 'slug': 'executive-office-of-the-president'}]",,2025-02-23
67,Restoring Freedom of Speech and Ending Federal Censorship,Presidential Document,,2025-01902,https://www.federalregister.gov/documents/2025/01/28/2025-01902/restoring-freedom-of-speech-and-ending-federal-censorship,https://www.govinfo.gov/content/pkg/FR-2025-01-28/pdf/2025-01902.pdf,https://public-inspection.federalregister.gov/2025-01902.pdf?1737985517,2025-01-28,"[{'raw_name': 'EXECUTIVE OFFICE OF THE PRESIDENT', 'name': 'Executive Office of the President', 'id': 538, 'url': 'https://www.federalregister.gov/agencies/executive-office-of-the-president', 'json_url': 'https://www.federalregister.gov/api/v1/agencies/538', 'parent_id': None, 'slug': 'executive-office-of-the-president'}]",,2025-02-23
68,Initial Rescissions of Harmful Executive Orders and Actions,Presidential Document,,2025-01901,https://www.federalregister.gov/documents/2025/01/28/2025-01901/initial-rescissions-of-harmful-executive-orders-and-actions,https://www.govinfo.gov/content/pkg/FR-2025-01-28/pdf/2025-01901.pdf,https://public-inspection.federalregister.gov/2025-01901.pdf?1737985517,2025-01-28,"[{'raw_name': 'EXECUTIVE OFFICE OF THE PRESIDENT', 'name': 'Executive Office of the President', 'id': 538, 'url': 'https://www.federalregister.gov/agencies/executive-office-of-the-president', 'json_url': 'https://www.federalregister.gov/api/v1/agencies/538', 'parent_id': None, 'slug': 'executive-office-of-the-president'}]",,2025-02-23
69,Ending the Weaponization of the Federal Government,Presidential Document,,2025-01900,https://www.federalregister.gov/documents/2025/01/28/2025-01900/ending-the-weaponization-of-the-federal-government,https://www.govinfo.gov/content/pkg/FR-2025-01-28/pdf/2025-01900.pdf,https://public-inspection.federalregister.gov/2025-01900.pdf?1737985517,2025-01-28,"[{'raw_name': 'EXECUTIVE OFFICE OF THE PRESIDENT', 'name': 'Executive Office of the President', 'id': 538, 'url': 'https://www.federalregister.gov/agencies/executive-office-of-the-president', 'json_url': 'https://www.federalregister.gov/api/v1/agencies/538', 'parent_id': None, 'slug': 'executive-office-of-the-president'}]",,2025-02-23
